iters,tiempo,0,1,2,3,4,5,6,7,8,9,10
5,19416887219,0.961546,0.980254,0.921063,0.895833,0.892945,0.923294,0.982558,0.918901,0.86791,0.884874,0.924377
10,19680247364,0.969643,0.983839,0.919225,0.910417,0.897129,0.921176,0.98062,0.916948,0.869975,0.884909,0.926779
15,19554438411,0.969643,0.983839,0.917427,0.908333,0.913918,0.921157,0.978682,0.916917,0.865791,0.895361,0.928381
20,20040651951,0.967611,0.98204,0.911912,0.908333,0.897181,0.923294,0.982558,0.924838,0.874195,0.891159,0.927582
25,20507081588,0.967611,0.983839,0.92109,0.9125,0.901331,0.925431,0.978682,0.918885,0.878379,0.889076,0.928976
30,20818100301,0.967611,0.983839,0.922928,0.910417,0.907633,0.927568,0.982558,0.916917,0.87416,0.897444,0.930376
35,21349896265,0.965578,0.983839,0.919252,0.904167,0.901331,0.919021,0.984496,0.918901,0.872059,0.899545,0.928175
40,21347642842,0.965578,0.983839,0.92109,0.904167,0.907633,0.923294,0.984496,0.918901,0.87416,0.897444,0.929377
45,21663963801,0.965578,0.983839,0.92109,0.9125,0.907616,0.919021,0.98062,0.922838,0.87416,0.895378,0.929577
50,21895571450,0.967611,0.983839,0.919252,0.904167,0.907633,0.921157,0.982558,0.918901,0.872059,0.899545,0.928976
55,22133428207,0.967611,0.983839,0.92109,0.908333,0.907633,0.921157,0.982558,0.914948,0.872059,0.901628,0.929377
60,22598467327,0.967611,0.983839,0.922928,0.904167,0.909716,0.921157,0.984496,0.918901,0.872059,0.899545,0.929777
65,22946879201,0.965578,0.983839,0.92109,0.904167,0.907633,0.923294,0.982558,0.918901,0.872076,0.897461,0.92898
70,23137808428,0.967611,0.983839,0.92109,0.904167,0.907633,0.921157,0.982558,0.918901,0.869975,0.897461,0.928779
75,23357430595,0.965578,0.983839,0.919252,0.904167,0.907633,0.919021,0.98062,0.916917,0.872076,0.901628,0.928377
80,23566936166,0.967611,0.983839,0.919252,0.904167,0.905532,0.921157,0.982558,0.918901,0.872076,0.895378,0.928379
85,24080829702,0.967611,0.983839,0.92109,0.904167,0.907633,0.921157,0.982558,0.916917,0.872076,0.899545,0.928978
90,24281804638,0.967611,0.983839,0.92109,0.904167,0.903449,0.921139,0.982558,0.918901,0.872076,0.901628,0.928978
95,25607964618,0.967611,0.983839,0.919252,0.904167,0.905532,0.921157,0.982558,0.918901,0.872076,0.895378,0.928379
100,26291557103,0.967611,0.983839,0.92109,0.904167,0.907633,0.919021,0.982558,0.918901,0.872076,0.897461,0.92878
105,25320818350,0.967611,0.983839,0.92109,0.904167,0.905532,0.919021,0.982558,0.918901,0.872076,0.897461,0.928579
110,25737168239,0.967611,0.983839,0.919252,0.904167,0.905532,0.921157,0.982558,0.918901,0.872076,0.899545,0.928778
115,25807999940,0.967611,0.983839,0.919252,0.904167,0.905532,0.919021,0.982558,0.918901,0.872076,0.897461,0.928379
120,26215078353,0.967611,0.983839,0.919252,0.904167,0.905532,0.921157,0.982558,0.918901,0.872076,0.899545,0.928778
125,26703388226,0.967611,0.983839,0.92109,0.904167,0.905532,0.921157,0.982558,0.918901,0.872076,0.897461,0.928779
130,27427953643,0.967611,0.983839,0.919252,0.904167,0.905532,0.919021,0.982558,0.918901,0.872076,0.899545,0.928578
135,28782977143,0.967611,0.983839,0.92109,0.904167,0.905532,0.921157,0.982558,0.918901,0.872076,0.897461,0.928779
140,27430046252,0.967611,0.983839,0.919252,0.904167,0.905532,0.919021,0.982558,0.918901,0.872076,0.899545,0.928578
145,27332520578,0.967611,0.983839,0.919252,0.904167,0.905532,0.919021,0.982558,0.918901,0.872076,0.899545,0.928578
150,27880170375,0.967611,0.983839,0.92109,0.904167,0.905532,0.919021,0.982558,0.918901,0.872076,0.899545,0.928778
155,28252354462,0.967611,0.983839,0.919252,0.904167,0.905532,0.919021,0.982558,0.918901,0.872076,0.899545,0.928578
160,28631288421,0.967611,0.983839,0.919252,0.904167,0.905532,0.919021,0.982558,0.918901,0.872076,0.899545,0.928578
165,28882796088,0.967611,0.983839,0.92109,0.904167,0.905532,0.919021,0.982558,0.918901,0.872076,0.899545,0.928778
170,29198680246,0.967611,0.983839,0.92109,0.904167,0.905532,0.921157,0.982558,0.918901,0.872076,0.899545,0.928978
175,29757000844,0.967611,0.983839,0.92109,0.904167,0.905532,0.919021,0.982558,0.918901,0.872076,0.899545,0.928778
180,30174677935,0.967611,0.983839,0.919252,0.904167,0.905532,0.919021,0.982558,0.918901,0.872076,0.899545,0.928578
185,29439796222,0.967611,0.983839,0.92109,0.904167,0.905532,0.919021,0.982558,0.918901,0.872076,0.899545,0.928778
190,31177381783,0.967611,0.983839,0.919252,0.904167,0.905532,0.919021,0.982558,0.918901,0.872076,0.899545,0.928578
195,35053841855,0.967611,0.983839,0.919252,0.904167,0.905532,0.919021,0.982558,0.918901,0.872076,0.899545,0.928578
200,34841624521,0.967611,0.983839,0.919252,0.904167,0.905532,0.919021,0.982558,0.918901,0.872076,0.899545,0.928578
205,33053850552,0.967611,0.983839,0.919252,0.904167,0.905532,0.919021,0.982558,0.918901,0.872076,0.899545,0.928578
210,34940860973,0.967611,0.983839,0.919252,0.904167,0.905532,0.919021,0.982558,0.918901,0.872076,0.899545,0.928578
215,33106217727,0.967611,0.983839,0.919252,0.904167,0.905532,0.919021,0.982558,0.918901,0.872076,0.899545,0.928578
220,32411589771,0.967611,0.983839,0.919252,0.904167,0.905532,0.919021,0.982558,0.918901,0.872076,0.899545,0.928578
225,33464251080,0.967611,0.983839,0.92109,0.904167,0.905532,0.919021,0.982558,0.918901,0.872076,0.899545,0.928778
230,33909673031,0.967611,0.983839,0.919252,0.904167,0.905532,0.919021,0.982558,0.918901,0.872076,0.899545,0.928578
235,34418956863,0.967611,0.983839,0.92109,0.904167,0.905532,0.919021,0.982558,0.918901,0.872076,0.899545,0.928778
240,34271407519,0.967611,0.983839,0.92109,0.904167,0.905532,0.919021,0.982558,0.918901,0.872076,0.899545,0.928778
245,34322246911,0.967611,0.983839,0.919252,0.904167,0.905532,0.919021,0.982558,0.918901,0.872076,0.899545,0.928578
250,34226973382,0.967611,0.983839,0.919252,0.904167,0.905532,0.919021,0.982558,0.918901,0.872076,0.899545,0.928578
255,34478390100,0.967611,0.983839,0.92109,0.904167,0.905532,0.919021,0.982558,0.918901,0.872076,0.899545,0.928778
260,35817371100,0.967611,0.983839,0.92109,0.904167,0.905532,0.919021,0.982558,0.918901,0.872076,0.899545,0.928778
265,37330374002,0.967611,0.983839,0.919252,0.904167,0.905532,0.919021,0.982558,0.918901,0.872076,0.899545,0.928578
270,35308200884,0.967611,0.983839,0.919252,0.904167,0.905532,0.919021,0.982558,0.918901,0.872076,0.899545,0.928578
275,35770285053,0.967611,0.983839,0.919252,0.904167,0.905532,0.919021,0.982558,0.918901,0.872076,0.899545,0.928578
280,36285115041,0.967611,0.983839,0.919252,0.904167,0.905532,0.919021,0.982558,0.918901,0.872076,0.899545,0.928578
285,36447388315,0.967611,0.983839,0.919252,0.904167,0.905532,0.919021,0.982558,0.918901,0.872076,0.899545,0.928578
290,40219252129,0.967611,0.983839,0.919252,0.904167,0.905532,0.919021,0.982558,0.918901,0.872076,0.899545,0.928578
295,37866630710,0.967611,0.983839,0.919252,0.904167,0.905532,0.919021,0.982558,0.918901,0.872076,0.899545,0.928578
300,38626399657,0.967611,0.983839,0.919252,0.904167,0.905532,0.919021,0.982558,0.918901,0.872076,0.899545,0.928578
5,20523082533,0.965611,0.982053,0.924753,0.891667,0.888778,0.910474,0.978682,0.912995,0.869975,0.876576,0.921788
10,21775061042,0.965578,0.982053,0.921077,0.89375,0.890896,0.929686,0.978682,0.916901,0.869975,0.886975,0.924978
15,19924638695,0.963579,0.98204,0.922942,0.910417,0.892962,0.925395,0.978682,0.916932,0.863743,0.89326,0.926384
20,20225084910,0.965578,0.982053,0.919252,0.90625,0.903414,0.927568,0.984496,0.920885,0.869958,0.899545,0.929177
25,20486642575,0.967611,0.983839,0.917427,0.90625,0.905515,0.925413,0.98062,0.918901,0.876225,0.895361,0.928978
30,21077181985,0.965578,0.983839,0.917414,0.908333,0.903431,0.921157,0.984496,0.916917,0.87416,0.899527,0.928774
35,21713659582,0.967611,0.983839,0.919265,0.910417,0.907651,0.923276,0.98062,0.918901,0.874142,0.893277,0.929181
40,21040513199,0.965578,0.983839,0.922928,0.904167,0.903431,0.929704,0.982558,0.916917,0.880462,0.899545,0.930177
45,22390258135,0.967611,0.983839,0.919252,0.90625,0.907633,0.927568,0.982558,0.918901,0.876261,0.897461,0.929977
50,22632899316,0.965578,0.983839,0.92109,0.90625,0.911817,0.923294,0.982558,0.918901,0.87416,0.901628,0.930177
55,22293185732,0.965578,0.983839,0.922928,0.90625,0.905532,0.921157,0.984496,0.918901,0.87416,0.897444,0.929376
60,22485119617,0.967611,0.983839,0.917414,0.904167,0.907633,0.919021,0.982558,0.918901,0.872076,0.897461,0.928378
65,22802467276,0.967611,0.983839,0.919252,0.904167,0.907633,0.919021,0.982558,0.918901,0.872076,0.897461,0.928579
70,23274831819,0.965578,0.983839,0.92109,0.904167,0.907633,0.921157,0.982558,0.918901,0.872076,0.895378,0.92858
75,23235449399,0.965578,0.983839,0.917427,0.904167,0.905532,0.921157,0.982558,0.918901,0.872076,0.897461,0.928179
80,23998056744,0.967611,0.983839,0.917414,0.904167,0.907633,0.919021,0.982558,0.918901,0.872076,0.899545,0.928578
85,25255243595,0.967611,0.983839,0.919252,0.904167,0.907633,0.921157,0.984496,0.918901,0.876261,0.899545,0.929577
90,24295264601,0.967611,0.983839,0.919252,0.904167,0.907633,0.919021,0.982558,0.918901,0.872076,0.899545,0.928778
95,25390636335,0.967611,0.983839,0.92109,0.904167,0.907633,0.919021,0.982558,0.918901,0.872076,0.899545,0.928979
100,28343435095,0.967611,0.983839,0.919252,0.904167,0.905532,0.921157,0.982558,0.918901,0.872076,0.897461,0.928579
105,27959733394,0.967611,0.983839,0.92109,0.904167,0.907633,0.919021,0.982558,0.918901,0.872076,0.897461,0.92878
110,26038378581,0.967611,0.983839,0.92109,0.904167,0.907633,0.919021,0.982558,0.918901,0.872076,0.899545,0.928979
115,26058694510,0.967611,0.983839,0.919252,0.904167,0.905532,0.919021,0.982558,0.918901,0.872076,0.899545,0.928578
120,27254505851,0.967611,0.983839,0.919252,0.904167,0.905532,0.919021,0.982558,0.918901,0.872076,0.897461,0.928379
125,27109446939,0.967611,0.983839,0.919252,0.904167,0.905532,0.919021,0.982558,0.918901,0.872076,0.899545,0.928578
130,26841946179,0.967611,0.983839,0.919252,0.904167,0.905532,0.919021,0.982558,0.918901,0.872076,0.899545,0.928578
135,28323635995,0.967611,0.983839,0.919252,0.904167,0.905532,0.919021,0.982558,0.918901,0.872076,0.899545,0.928578
140,27943565578,0.967611,0.983839,0.92109,0.904167,0.905532,0.919021,0.982558,0.918901,0.872076,0.899545,0.928778
145,27618892279,0.967611,0.983839,0.919252,0.904167,0.905532,0.919021,0.982558,0.918901,0.872076,0.899545,0.928578
150,27916152805,0.967611,0.983839,0.92109,0.904167,0.905532,0.919021,0.982558,0.918901,0.872076,0.899545,0.928778
155,28831763322,0.967611,0.983839,0.92109,0.904167,0.905532,0.921157,0.982558,0.918901,0.872076,0.899545,0.928978
160,29917801235,0.967611,0.983839,0.92109,0.904167,0.905532,0.921157,0.982558,0.918901,0.872076,0.899545,0.928978
165,30164333556,0.967611,0.983839,0.919252,0.904167,0.905532,0.919021,0.982558,0.918901,0.872076,0.899545,0.928578
170,29588709209,0.967611,0.983839,0.92109,0.904167,0.905532,0.919021,0.982558,0.918901,0.872076,0.899545,0.928778
175,30164663192,0.967611,0.983839,0.92109,0.904167,0.905532,0.919021,0.982558,0.918901,0.872076,0.899545,0.928778
180,30040093020,0.967611,0.983839,0.919252,0.904167,0.905532,0.919021,0.982558,0.918901,0.872076,0.899545,0.928578
185,30697515975,0.967611,0.983839,0.92109,0.904167,0.905532,0.919021,0.982558,0.918901,0.872076,0.899545,0.928778
190,32823036660,0.967611,0.983839,0.919252,0.904167,0.905532,0.919021,0.982558,0.918901,0.872076,0.899545,0.928578
195,31103168157,0.967611,0.983839,0.919252,0.904167,0.905532,0.919021,0.982558,0.918901,0.872076,0.899545,0.928578
200,31547568774,0.967611,0.983839,0.919252,0.904167,0.905532,0.921157,0.982558,0.918901,0.872076,0.899545,0.928778
205,31571535196,0.967611,0.983839,0.919252,0.904167,0.905532,0.919021,0.982558,0.918901,0.872076,0.899545,0.928578
210,32471340591,0.967611,0.983839,0.92109,0.904167,0.905532,0.919021,0.982558,0.918901,0.872076,0.899545,0.928778
215,33926593909,0.967611,0.983839,0.919252,0.904167,0.905532,0.919021,0.982558,0.918901,0.872076,0.899545,0.928578
220,32753812358,0.967611,0.983839,0.92109,0.904167,0.905532,0.919021,0.982558,0.918901,0.872076,0.899545,0.928778
225,40378330637,0.967611,0.983839,0.919252,0.904167,0.905532,0.919021,0.982558,0.918901,0.872076,0.899545,0.928578
230,38915085284,0.967611,0.983839,0.919252,0.904167,0.905532,0.919021,0.982558,0.918901,0.872076,0.899545,0.928578
235,38893310113,0.967611,0.983839,0.919252,0.904167,0.905532,0.919021,0.982558,0.918901,0.872076,0.899545,0.928578
240,38174981173,0.967611,0.983839,0.919252,0.904167,0.905532,0.919021,0.982558,0.918901,0.872076,0.899545,0.928578
245,33855705051,0.967611,0.983839,0.92109,0.904167,0.905532,0.919021,0.982558,0.918901,0.872076,0.899545,0.928778
250,34112783662,0.967611,0.983839,0.919252,0.904167,0.905532,0.919021,0.982558,0.918901,0.872076,0.899545,0.928578
255,35305088979,0.967611,0.983839,0.919252,0.904167,0.905532,0.921157,0.982558,0.918901,0.872076,0.899545,0.928778
260,36990790487,0.967611,0.983839,0.92109,0.904167,0.905532,0.919021,0.982558,0.918901,0.872076,0.899545,0.928778
265,35964700352,0.967611,0.983839,0.919252,0.904167,0.905532,0.919021,0.982558,0.918901,0.872076,0.899545,0.928578
270,35458441915,0.967611,0.983839,0.919252,0.904167,0.905532,0.919021,0.982558,0.918901,0.872076,0.899545,0.928578
275,35920337963,0.967611,0.983839,0.919252,0.904167,0.905532,0.919021,0.982558,0.918901,0.872076,0.899545,0.928578
280,37792432859,0.967611,0.983839,0.919252,0.904167,0.905532,0.919021,0.982558,0.918901,0.872076,0.899545,0.928578
285,38196648928,0.967611,0.983839,0.919252,0.904167,0.905532,0.919021,0.982558,0.918901,0.872076,0.899545,0.928578
290,38480813461,0.967611,0.983839,0.919252,0.904167,0.905532,0.919021,0.982558,0.918901,0.872076,0.899545,0.928578
295,39495326723,0.967611,0.983839,0.919252,0.904167,0.905532,0.919021,0.982558,0.918901,0.872076,0.899545,0.928578
300,41168504886,0.967611,0.983839,0.919252,0.904167,0.905532,0.919021,0.982558,0.918901,0.872076,0.899545,0.928578
5,20045167828,0.965627,0.980254,0.922928,0.910417,0.890931,0.929723,0.98062,0.916948,0.857423,0.874422,0.924389
10,20041276860,0.96153,0.982053,0.919252,0.889583,0.901348,0.92755,0.974806,0.918916,0.867875,0.893242,0.924978
15,20411676098,0.965611,0.983839,0.92109,0.902083,0.897164,0.925431,0.978682,0.916917,0.872076,0.899545,0.927583
20,20116777740,0.963546,0.98204,0.922915,0.910417,0.888743,0.927532,0.982558,0.920885,0.874195,0.895326,0.928173
25,20732661555,0.965578,0.983839,0.92109,0.908333,0.903431,0.925431,0.978682,0.918901,0.869975,0.893277,0.92818
30,22210835460,0.965578,0.983839,0.919252,0.908333,0.911817,0.923294,0.982558,0.920885,0.87416,0.895361,0.929776
35,21530845709,0.965578,0.983839,0.922928,0.90625,0.901331,0.929704,0.984496,0.916917,0.87416,0.897444,0.929574
40,22901803226,0.961546,0.983839,0.917427,0.908333,0.899247,0.925413,0.98062,0.922869,0.867892,0.897444,0.927781
45,22000203484,0.965595,0.983839,0.919279,0.904167,0.903466,0.925413,0.982558,0.918901,0.872094,0.899545,0.928783
50,23886951407,0.969627,0.983839,0.92109,0.904167,0.905532,0.921157,0.98062,0.918901,0.878379,0.889093,0.928579
55,24020652289,0.965578,0.983839,0.92109,0.90625,0.909734,0.923294,0.982558,0.918901,0.872076,0.893277,0.928981
60,23014009954,0.965578,0.983839,0.919265,0.904167,0.907633,0.919021,0.982558,0.916917,0.87416,0.895378,0.92818
65,23125760508,0.965578,0.983839,0.92109,0.904167,0.907633,0.925431,0.982558,0.918901,0.874177,0.901628,0.929777
70,24141114052,0.967611,0.983839,0.919252,0.904167,0.905532,0.923294,0.982558,0.918901,0.874177,0.897461,0.928978
75,23889840043,0.965578,0.983839,0.922928,0.904167,0.907633,0.921157,0.982558,0.918901,0.874177,0.897461,0.929179
80,24966189891,0.967611,0.983839,0.92109,0.904167,0.907633,0.921157,0.982558,0.916917,0.872076,0.897461,0.928779
85,25060953565,0.967611,0.983839,0.919252,0.904167,0.907633,0.919021,0.98062,0.918901,0.872076,0.897461,0.92838
90,25860541559,0.967611,0.983839,0.92109,0.904167,0.907633,0.923294,0.982558,0.916917,0.872076,0.897461,0.92898
95,24465250319,0.967611,0.983839,0.919252,0.904167,0.905532,0.921157,0.982558,0.918901,0.872076,0.899545,0.928778
100,26429302287,0.967611,0.983839,0.919252,0.904167,0.907633,0.921157,0.98062,0.918901,0.872076,0.899545,0.928779
105,26154919820,0.967611,0.983839,0.92109,0.904167,0.905532,0.923294,0.982558,0.918901,0.872076,0.899545,0.929178
110,31653384904,0.967611,0.983839,0.92109,0.904167,0.907633,0.921157,0.982558,0.918901,0.872076,0.897461,0.92898
115,30648237146,0.967611,0.983839,0.92109,0.904167,0.905532,0.919021,0.982558,0.918901,0.872076,0.897461,0.928579
120,25340074913,0.967611,0.983839,0.92109,0.904167,0.905532,0.919021,0.982558,0.918901,0.872076,0.897461,0.928579
125,25506647261,0.967611,0.983839,0.919252,0.904167,0.905532,0.921157,0.982558,0.918901,0.872076,0.899545,0.928778
130,25791573201,0.967611,0.983839,0.919252,0.904167,0.905532,0.921157,0.982558,0.918901,0.872076,0.899545,0.928778
135,26053060861,0.967611,0.983839,0.919252,0.904167,0.905532,0.919021,0.982558,0.918901,0.872076,0.899545,0.928578
140,26393270501,0.967611,0.983839,0.92109,0.904167,0.905532,0.919021,0.982558,0.918901,0.872076,0.899545,0.928778
145,26689896150,0.967611,0.983839,0.92109,0.904167,0.905532,0.919021,0.982558,0.918901,0.872076,0.897461,0.928579
150,26942976972,0.967611,0.983839,0.919252,0.904167,0.905532,0.919021,0.982558,0.918901,0.872076,0.899545,0.928578
155,27240155252,0.967611,0.983839,0.92109,0.904167,0.905532,0.919021,0.982558,0.918901,0.872076,0.899545,0.928778
160,27471230111,0.967611,0.983839,0.92109,0.904167,0.905532,0.919021,0.982558,0.918901,0.872076,0.897461,0.928579
165,27805596495,0.967611,0.983839,0.92109,0.904167,0.905532,0.919021,0.982558,0.918901,0.872076,0.899545,0.928778
170,28099558733,0.967611,0.983839,0.919252,0.904167,0.905532,0.919021,0.982558,0.918901,0.872076,0.899545,0.928578
175,28418779652,0.967611,0.983839,0.919252,0.904167,0.905532,0.919021,0.982558,0.918901,0.872076,0.897461,0.928379
180,28638180430,0.967611,0.983839,0.919252,0.904167,0.905532,0.919021,0.982558,0.918901,0.872076,0.899545,0.928578
185,29504005350,0.967611,0.983839,0.919252,0.904167,0.905532,0.921157,0.982558,0.918901,0.872076,0.899545,0.928778
190,30695843370,0.967611,0.983839,0.919252,0.904167,0.905532,0.919021,0.982558,0.918901,0.872076,0.899545,0.928578
195,31976600704,0.967611,0.983839,0.919252,0.904167,0.905532,0.919021,0.982558,0.918901,0.872076,0.899545,0.928578
200,34108306802,0.967611,0.983839,0.92109,0.904167,0.905532,0.919021,0.982558,0.918901,0.872076,0.899545,0.928778
205,33408886851,0.967611,0.983839,0.919252,0.904167,0.905532,0.919021,0.982558,0.918901,0.872076,0.899545,0.928578
210,32479726918,0.967611,0.983839,0.919252,0.904167,0.905532,0.921157,0.982558,0.918901,0.872076,0.899545,0.928778
215,34439099308,0.967611,0.983839,0.919252,0.904167,0.905532,0.919021,0.982558,0.918901,0.872076,0.899545,0.928578
220,34857939534,0.967611,0.983839,0.919252,0.904167,0.905532,0.919021,0.982558,0.918901,0.872076,0.899545,0.928578
225,33016916083,0.967611,0.983839,0.92109,0.904167,0.905532,0.919021,0.982558,0.918901,0.872076,0.899545,0.928778
230,34570893657,0.967611,0.983839,0.919252,0.904167,0.905532,0.919021,0.982558,0.918901,0.872076,0.899545,0.928578
235,33289754275,0.967611,0.983839,0.919252,0.904167,0.905532,0.919021,0.982558,0.918901,0.872076,0.899545,0.928578
240,33657779341,0.967611,0.983839,0.92109,0.904167,0.905532,0.919021,0.982558,0.918901,0.872076,0.899545,0.928778
245,33966931884,0.967611,0.983839,0.919252,0.904167,0.905532,0.919021,0.982558,0.918901,0.872076,0.899545,0.928578
250,37741352757,0.967611,0.983839,0.919252,0.904167,0.905532,0.919021,0.982558,0.918901,0.872076,0.899545,0.928578
255,36787311884,0.967611,0.983839,0.919252,0.904167,0.905532,0.919021,0.982558,0.918901,0.872076,0.899545,0.928578
260,34258130266,0.967611,0.983839,0.919252,0.904167,0.905532,0.919021,0.982558,0.918901,0.872076,0.899545,0.928578
265,33781174654,0.967611,0.983839,0.919252,0.904167,0.905532,0.919021,0.982558,0.918901,0.872076,0.899545,0.928578
270,35356484576,0.967611,0.983839,0.919252,0.904167,0.905532,0.919021,0.982558,0.918901,0.872076,0.899545,0.928578
275,35074258356,0.967611,0.983839,0.92109,0.904167,0.905532,0.919021,0.982558,0.918901,0.872076,0.899545,0.928778
280,36058896650,0.967611,0.983839,0.919252,0.904167,0.905532,0.919021,0.982558,0.918901,0.872076,0.899545,0.928578
285,38399965121,0.967611,0.983839,0.919252,0.904167,0.905532,0.919021,0.982558,0.918901,0.872076,0.899545,0.928578
290,40076028560,0.967611,0.983839,0.919252,0.904167,0.905532,0.919021,0.982558,0.918901,0.872076,0.899545,0.928578
295,41916045065,0.967611,0.983839,0.919252,0.904167,0.905532,0.919021,0.982558,0.918901,0.872076,0.899545,0.928578
300,42055294681,0.967611,0.983839,0.919252,0.904167,0.905532,0.919021,0.982558,0.918901,0.872076,0.899545,0.928578
5,19888454693,0.965644,0.983839,0.919265,0.883333,0.895098,0.931823,0.984496,0.916917,0.855322,0.878624,0.922987
10,19682560748,0.963562,0.98204,0.917427,0.90625,0.903466,0.923312,0.982558,0.918916,0.882546,0.891194,0.928381
15,19374571042,0.965578,0.98204,0.921103,0.9125,0.886695,0.923276,0.978682,0.920885,0.87416,0.895361,0.927383
20,19717085651,0.965578,0.983839,0.922928,0.908333,0.903414,0.929704,0.978682,0.916917,0.876261,0.891176,0.928977
25,19939331990,0.961546,0.983839,0.922928,0.902083,0.899282,0.921157,0.98062,0.918885,0.88048,0.89326,0.927782
30,20311918886,0.961546,0.983839,0.92109,0.902083,0.895028,0.921157,0.98062,0.920885,0.876278,0.889076,0.926583
35,21108331664,0.965578,0.983839,0.922928,0.90625,0.90555,0.927568,0.982558,0.916917,0.874177,0.897461,0.92958
40,21453271044,0.961546,0.983839,0.921103,0.902083,0.899265,0.936079,0.98062,0.916917,0.874195,0.899545,0.928784
45,21813426008,0.965578,0.983839,0.922928,0.90625,0.905515,0.927568,0.982558,0.916917,0.87416,0.899527,0.929776
50,22176340517,0.963562,0.983839,0.922928,0.902083,0.907651,0.92755,0.982558,0.918901,0.872076,0.897426,0.929179
55,22325241552,0.965578,0.983839,0.917414,0.904167,0.909734,0.921157,0.984496,0.918901,0.87416,0.897461,0.928977
60,22711973645,0.967611,0.983839,0.92109,0.904167,0.909716,0.923294,0.984496,0.916917,0.876261,0.899545,0.929976
65,23052398413,0.967611,0.983839,0.917427,0.90625,0.907633,0.923294,0.984496,0.916917,0.876261,0.897461,0.929377
70,23573863287,0.965578,0.983839,0.92109,0.904167,0.907633,0.921157,0.982558,0.916917,0.872076,0.895378,0.928379
75,23383670064,0.967611,0.983839,0.919252,0.904167,0.905515,0.919021,0.984496,0.918901,0.876261,0.899545,0.929176
80,23918171521,0.963562,0.983839,0.91744,0.902083,0.8993,0.921139,0.982558,0.918901,0.872094,0.899545,0.927385
85,23904956551,0.967611,0.983839,0.919252,0.904167,0.905532,0.923294,0.982558,0.918901,0.869975,0.897461,0.928579
90,24270976213,0.967611,0.983839,0.919252,0.904167,0.905532,0.921157,0.982558,0.918901,0.872076,0.897461,0.928579
95,24882747397,0.967611,0.983839,0.919252,0.904167,0.907616,0.921157,0.984496,0.918901,0.87416,0.899545,0.929375
100,25254909288,0.967611,0.983839,0.919252,0.904167,0.905532,0.919021,0.982558,0.918901,0.872076,0.899545,0.928578
105,25598608834,0.967611,0.983839,0.919252,0.904167,0.905532,0.919021,0.982558,0.918901,0.872076,0.897461,0.928379
110,26007002532,0.967611,0.983839,0.919252,0.904167,0.905532,0.919021,0.982558,0.918901,0.872076,0.899545,0.928578
115,25898210803,0.967611,0.983839,0.92109,0.904167,0.905532,0.919021,0.982558,0.918901,0.872076,0.899545,0.928778
120,26181456013,0.967611,0.983839,0.919252,0.904167,0.905532,0.919021,0.982558,0.918901,0.872076,0.899545,0.928578
125,26552018499,0.967611,0.983839,0.919252,0.904167,0.905532,0.919021,0.982558,0.918901,0.872076,0.897461,0.928379
130,26734516976,0.967611,0.983839,0.92109,0.904167,0.905532,0.919021,0.982558,0.918901,0.872076,0.899545,0.928778
135,27294087352,0.967611,0.983839,0.919252,0.904167,0.905532,0.919021,0.982558,0.918901,0.872076,0.897461,0.928379
140,27506336916,0.967611,0.983839,0.919252,0.904167,0.905532,0.919021,0.982558,0.918901,0.872076,0.897461,0.928379
145,28345611611,0.967611,0.983839,0.919252,0.904167,0.905532,0.921157,0.982558,0.918901,0.872076,0.899545,0.928778
150,28516293065,0.967611,0.983839,0.92109,0.904167,0.905532,0.921157,0.982558,0.918901,0.872076,0.897461,0.928779
155,29024120924,0.967611,0.983839,0.92109,0.904167,0.905532,0.919021,0.982558,0.918901,0.872076,0.899545,0.928778
160,30391246860,0.967611,0.983839,0.919252,0.904167,0.905532,0.921157,0.982558,0.918901,0.872076,0.899545,0.928778
165,29569147093,0.967611,0.983839,0.92109,0.904167,0.905532,0.919021,0.982558,0.918901,0.872076,0.899545,0.928778
170,29401628386,0.967611,0.983839,0.919252,0.904167,0.905532,0.919021,0.982558,0.918901,0.872076,0.899545,0.928578
175,29437073486,0.967611,0.983839,0.919252,0.904167,0.905532,0.919021,0.982558,0.918901,0.872076,0.897461,0.928379
180,29811553694,0.967611,0.983839,0.919252,0.904167,0.905532,0.919021,0.982558,0.918901,0.872076,0.899545,0.928578
185,30138507189,0.967611,0.983839,0.919252,0.904167,0.905532,0.919021,0.982558,0.918901,0.872076,0.899545,0.928578
190,30403438814,0.967611,0.983839,0.919252,0.904167,0.905532,0.919021,0.982558,0.918901,0.872076,0.899545,0.928578
195,30848370021,0.967611,0.983839,0.919252,0.904167,0.905532,0.919021,0.982558,0.918901,0.872076,0.899545,0.928578
200,31266149649,0.967611,0.983839,0.919252,0.904167,0.905532,0.919021,0.982558,0.918901,0.872076,0.899545,0.928578
205,32377278199,0.967611,0.983839,0.92109,0.904167,0.905532,0.921157,0.982558,0.918901,0.872076,0.899545,0.928978
210,31708829664,0.967611,0.983839,0.92109,0.904167,0.905532,0.919021,0.982558,0.918901,0.872076,0.899545,0.928778
215,32027211924,0.967611,0.983839,0.92109,0.904167,0.905532,0.919021,0.982558,0.918901,0.872076,0.899545,0.928778
220,32409703098,0.967611,0.983839,0.919252,0.904167,0.905532,0.919021,0.982558,0.918901,0.872076,0.899545,0.928578
225,33000022980,0.967611,0.983839,0.92109,0.904167,0.905532,0.919021,0.982558,0.918901,0.872076,0.899545,0.928778
230,33502429923,0.967611,0.983839,0.919252,0.904167,0.905532,0.921157,0.982558,0.918901,0.872076,0.899545,0.928778
235,33555972835,0.967611,0.983839,0.919252,0.904167,0.905532,0.919021,0.982558,0.918901,0.872076,0.899545,0.928578
240,33689560394,0.967611,0.983839,0.919252,0.904167,0.905532,0.919021,0.982558,0.918901,0.872076,0.899545,0.928578
245,34293072937,0.967611,0.983839,0.919252,0.904167,0.905532,0.919021,0.982558,0.918901,0.872076,0.899545,0.928578
250,35357590220,0.967611,0.983839,0.919252,0.904167,0.905532,0.919021,0.982558,0.918901,0.872076,0.899545,0.928578
255,34975448885,0.967611,0.983839,0.92109,0.904167,0.905532,0.919021,0.982558,0.918901,0.872076,0.899545,0.928778
260,36252418127,0.967611,0.983839,0.919252,0.904167,0.905532,0.919021,0.982558,0.918901,0.872076,0.899545,0.928578
265,36461652566,0.967611,0.983839,0.919252,0.904167,0.905532,0.919021,0.982558,0.918901,0.872076,0.899545,0.928578
270,36798301531,0.967611,0.983839,0.919252,0.904167,0.905532,0.919021,0.982558,0.918901,0.872076,0.899545,0.928578
275,37910199638,0.967611,0.983839,0.92109,0.904167,0.905532,0.919021,0.982558,0.918901,0.872076,0.899545,0.928778
280,37992535791,0.967611,0.983839,0.919252,0.904167,0.905532,0.919021,0.982558,0.918901,0.872076,0.899545,0.928578
285,38399965121,0.967611,0.983839,0.919252,0.904167,0.905532,0.919021,0.982558,0.918901,0.872076,0.899545,0.928578
290,42032473991,0.967611,0.983839,0.919252,0.904167,0.905532,0.919021,0.982558,0.918901,0.872076,0.899545,0.928578
295,35192347699,0.967611,0.983839,0.919252,0.904167,0.905532,0.919021,0.982558,0.918901,0.872076,0.899545,0.928578
300,35454053753,0.967611,0.983839,0.919252,0.904167,0.905532,0.919021,0.982558,0.918901,0.872076,0.899545,0.928578